{
  "best_global_step": null,
  "best_metric": null,
  "best_model_checkpoint": null,
  "epoch": 0.3211561621838619,
  "eval_steps": 500,
  "global_step": 200,
  "is_hyper_param_search": false,
  "is_local_process_zero": true,
  "is_world_process_zero": true,
  "log_history": [
    {
      "entropy": 0.7192935467511415,
      "epoch": 0.08028904054596547,
      "grad_norm": 0.25390625,
      "learning_rate": 0.00015894736842105264,
      "loss": 0.8924524688720703,
      "mean_token_accuracy": 0.7994567319750786,
      "num_tokens": 405718.0,
      "step": 50
    },
    {
      "entropy": 0.3839296192675829,
      "epoch": 0.16057808109193095,
      "grad_norm": 0.2080078125,
      "learning_rate": 0.00010631578947368421,
      "loss": 0.35430160522460935,
      "mean_token_accuracy": 0.9011988118290901,
      "num_tokens": 812759.0,
      "step": 100
    },
    {
      "entropy": 0.39372108366340397,
      "epoch": 0.24086712163789642,
      "grad_norm": 0.2109375,
      "learning_rate": 5.368421052631579e-05,
      "loss": 0.3555881881713867,
      "mean_token_accuracy": 0.8984508550167084,
      "num_tokens": 1217685.0,
      "step": 150
    },
    {
      "entropy": 0.35974489741027355,
      "epoch": 0.3211561621838619,
      "grad_norm": 0.244140625,
      "learning_rate": 1.0526315789473685e-06,
      "loss": 0.31271350860595704,
      "mean_token_accuracy": 0.9108241221308708,
      "num_tokens": 1625260.0,
      "step": 200
    }
  ],
  "logging_steps": 50,
  "max_steps": 200,
  "num_input_tokens_seen": 0,
  "num_train_epochs": 1,
  "save_steps": 200,
  "stateful_callbacks": {
    "TrainerControl": {
      "args": {
        "should_epoch_stop": false,
        "should_evaluate": false,
        "should_log": false,
        "should_save": true,
        "should_training_stop": true
      },
      "attributes": {}
    }
  },
  "total_flos": 3.559345737013248e+16,
  "train_batch_size": 1,
  "trial_name": null,
  "trial_params": null
}
